{
    "metrics": {
        "rmse": 0.5156587531862025,
        "mae": 0.210221529006958,
        "r2": 0.9688010811805725
    },
    "best_params": {
        "colsample_bytree": 1.0,
        "learning_rate": 0.2,
        "max_depth": 5,
        "n_estimators": 300,
        "subsample": 0.8
    }
}